User Name,Password,Dept. Code,First Name,Last Name
mgarcia,manG01,TK,Manuel III,Garcia
alim,antL02,TK,Antonio,Lim
baquino,biaA03,TK,Bianca Sofia,Aquino
ireyes,isaR04,TK,Isabella,Reyes
ehernandez,eduH05,TK,Eduard,Hernandez
avillanueva,andV06,HR,Andrea Mae,Villanueva
bsanjose,braS07,HR,Brad,San Jose
aromualdez,aliR08,HR,Alice,Romualdez
ratienza,rosA09,HR,Rosie,Atienza
ralvaro,rodA10,PR,Roderick,Alvaro
asalcedo,antS11,PR,Anthony,Salcedo
jlopez,josL12,PR,Josie,Lopez
mfarala,marF13,PR,Martha,Farala
lmartinez,leiM14,PR,Leila,Martinez
fromualdez,freR15,TK,Fredrick,Romualdez
cmata,chrM16,TK,Christian,Mata
sdeleon,selD17,TK,Selena,De Leon
asanjose,allS18,TK,Allison,San Jose
crosario,cyrR19,TK,Cydney,Rosario
mbautista,marB20,TK,Mark,Bautista
dlazaro,darL21,TK,Darlene,Lazaro
kdelossantos,kolD22,TK,Kolby,Delos Santos
vsantos,velS23,TK,Vella,Santos
tdelrosario,tomD24,TK,Tomas,Del Rosario
jtolentino,jacT25,TK,Jacklyn,Tolentino
pgutierrez,perG26,TK,Percival,Gutierrez
gmanalaysay,garM27,TK,Garfield,Manalaysay
lvillegas,lizV28,TK,Lizeth,Villegas
cramos,carR29,TK,Carol,Ramos
emaceda,emeM30,TK,Emelia,Maceda
daguilar,delA31,TK,Delia,Aguilar
jcastro,johC32,TK,John Rafael,Castro
cmartinez,carM33,TK,Carlos Ian,Martinez
bsantos,beaS34,TK,Beatriz,Santos
